{
  "project_info": {
    "project_number": "1041771609405",
    "project_id": "loginapp-12351",
    "storage_bucket": "loginapp-12351.appspot.com"
  },
  "client": [
    {
      "client_info": {
        "mobilesdk_app_id": "1:1041771609405:android:cab079073f5fe35c079954",
        "android_client_info": {
          "package_name": "com.example.getloginpassapp"
        }
      },
      "oauth_client": [
        {
          "client_id": "1041771609405-kl31t88t1gmq86lono3el3kkgtor2dg9.apps.googleusercontent.com",
          "client_type": 3
        }
      ],
      "api_key": [
        {
          "current_key": "AIzaSyCCwWxJblBrqG9vHbBVs53i1kjApU0B-KA"
        }
      ],
      "services": {
        "appinvite_service": {
          "other_platform_oauth_client": [
            {
              "client_id": "1041771609405-kl31t88t1gmq86lono3el3kkgtor2dg9.apps.googleusercontent.com",
              "client_type": 3
            }
          ]
        }
      }
    }
  ],
  "configuration_version": "1"
}